_id,num_near,near_duration,time,uid
6716509c873f1647840e7416,0,896,2024-10-21T12:00:00Z,W1hZkqBeWCUTVBX6rx9OeHmaWx63
67165e89873f1647840ef594,0,800,2024-10-21T13:00:00Z,W1hZkqBeWCUTVBX6rx9OeHmaWx63
67167862873f1647840f0e3c,0,0,2024-10-21T14:00:00Z,W1hZkqBeWCUTVBX6rx9OeHmaWx63
671694a0873f1647840f1ac7,0,0,2024-10-21T15:00:00Z,W1hZkqBeWCUTVBX6rx9OeHmaWx63
671694a1873f1647840f1ad8,0,0,2024-10-21T16:00:00Z,W1hZkqBeWCUTVBX6rx9OeHmaWx63
6716cd13873f1647840f4b7f,0,0,2024-10-21T17:00:00Z,W1hZkqBeWCUTVBX6rx9OeHmaWx63
6716cd13873f1647840f4b90,0,0,2024-10-21T18:00:00Z,W1hZkqBeWCUTVBX6rx9OeHmaWx63
6716cd13873f1647840f4ba1,0,0,2024-10-21T19:00:00Z,W1hZkqBeWCUTVBX6rx9OeHmaWx63
6716cd13873f1647840f4bb2,0,0,2024-10-21T20:00:00Z,W1hZkqBeWCUTVBX6rx9OeHmaWx63
6716ff57873f1647840f8a6f,0,0,2024-10-21T21:00:00Z,W1hZkqBeWCUTVBX6rx9OeHmaWx63
6716ff57873f1647840f8a91,0,0,2024-10-21T22:00:00Z,W1hZkqBeWCUTVBX6rx9OeHmaWx63
6716ff58873f1647840f8ab3,1,0,2024-10-21T23:00:00Z,W1hZkqBeWCUTVBX6rx9OeHmaWx63
6716ff58873f1647840f8ad5,0,0,2024-10-22T00:00:00Z,W1hZkqBeWCUTVBX6rx9OeHmaWx63
67170780873f1647840f8e78,0,2664,2024-10-22T01:00:00Z,W1hZkqBeWCUTVBX6rx9OeHmaWx63
67171616873f1647840f969e,0,0,2024-10-22T02:00:00Z,W1hZkqBeWCUTVBX6rx9OeHmaWx63
6717265c873f1647840fda05,0,0,2024-10-22T03:00:00Z,W1hZkqBeWCUTVBX6rx9OeHmaWx63
67173fac873f1647840fe823,0,0,2024-10-22T04:00:00Z,W1hZkqBeWCUTVBX6rx9OeHmaWx63
67173fac873f1647840fe84c,0,0,2024-10-22T05:00:00Z,W1hZkqBeWCUTVBX6rx9OeHmaWx63
67174d8e873f1647840fed5c,1,0,2024-10-22T06:00:00Z,W1hZkqBeWCUTVBX6rx9OeHmaWx63
67175bcd873f1647840ff7bf,0,0,2024-10-22T07:00:00Z,W1hZkqBeWCUTVBX6rx9OeHmaWx63
671769ef873f16478410390c,0,0,2024-10-22T08:00:00Z,W1hZkqBeWCUTVBX6rx9OeHmaWx63
67177d04873f164784104ea7,0,0,2024-10-22T09:00:00Z,W1hZkqBeWCUTVBX6rx9OeHmaWx63
67178ad6873f164784125831,0,0,2024-10-22T10:00:00Z,W1hZkqBeWCUTVBX6rx9OeHmaWx63
671795dd873f16478412b87d,0,0,2024-10-22T11:00:00Z,W1hZkqBeWCUTVBX6rx9OeHmaWx63
6721772e5fc86555907d0b78,0,0,2024-10-22T12:00:00Z,W1hZkqBeWCUTVBX6rx9OeHmaWx63
6721772e5fc86555907d0b90,0,0,2024-10-22T13:00:00Z,W1hZkqBeWCUTVBX6rx9OeHmaWx63
6721772e5fc86555907d0ba1,0,0,2024-10-22T14:00:00Z,W1hZkqBeWCUTVBX6rx9OeHmaWx63
6721772e5fc86555907d0bb2,0,0,2024-10-22T15:00:00Z,W1hZkqBeWCUTVBX6rx9OeHmaWx63
6721772e5fc86555907d0bc3,0,0,2024-10-22T16:00:00Z,W1hZkqBeWCUTVBX6rx9OeHmaWx63
6721772e5fc86555907d0bd4,0,0,2024-10-22T17:00:00Z,W1hZkqBeWCUTVBX6rx9OeHmaWx63
6721772e5fc86555907d0be5,0,0,2024-10-22T18:00:00Z,W1hZkqBeWCUTVBX6rx9OeHmaWx63
6721772e5fc86555907d0c07,0,0,2024-10-22T19:00:00Z,W1hZkqBeWCUTVBX6rx9OeHmaWx63
6721772f5fc86555907d0c18,0,0,2024-10-22T20:00:00Z,W1hZkqBeWCUTVBX6rx9OeHmaWx63
6721772f5fc86555907d0c29,0,0,2024-10-22T21:00:00Z,W1hZkqBeWCUTVBX6rx9OeHmaWx63
6721772f5fc86555907d0c3a,0,0,2024-10-22T22:00:00Z,W1hZkqBeWCUTVBX6rx9OeHmaWx63
6721772f5fc86555907d0c4b,0,0,2024-10-22T23:00:00Z,W1hZkqBeWCUTVBX6rx9OeHmaWx63
6721772f5fc86555907d0c73,0,0,2024-10-23T00:00:00Z,W1hZkqBeWCUTVBX6rx9OeHmaWx63
6721772f5fc86555907d0c84,0,0,2024-10-23T01:00:00Z,W1hZkqBeWCUTVBX6rx9OeHmaWx63
6721772f5fc86555907d0c95,0,0,2024-10-23T02:00:00Z,W1hZkqBeWCUTVBX6rx9OeHmaWx63
6721772f5fc86555907d0ca6,0,0,2024-10-23T03:00:00Z,W1hZkqBeWCUTVBX6rx9OeHmaWx63
6721772f5fc86555907d0cb7,0,0,2024-10-23T04:00:00Z,W1hZkqBeWCUTVBX6rx9OeHmaWx63
6721772f5fc86555907d0cc8,0,0,2024-10-23T05:00:00Z,W1hZkqBeWCUTVBX6rx9OeHmaWx63
6721772f5fc86555907d0cd9,0,0,2024-10-23T06:00:00Z,W1hZkqBeWCUTVBX6rx9OeHmaWx63
6721772f5fc86555907d0cea,0,0,2024-10-23T07:00:00Z,W1hZkqBeWCUTVBX6rx9OeHmaWx63
6721772f5fc86555907d0cfb,0,0,2024-10-23T08:00:00Z,W1hZkqBeWCUTVBX6rx9OeHmaWx63
672177305fc86555907d0d0c,0,0,2024-10-23T09:00:00Z,W1hZkqBeWCUTVBX6rx9OeHmaWx63
672177305fc86555907d0d1d,0,0,2024-10-23T10:00:00Z,W1hZkqBeWCUTVBX6rx9OeHmaWx63
672177305fc86555907d0d2e,0,0,2024-10-23T11:00:00Z,W1hZkqBeWCUTVBX6rx9OeHmaWx63
672177305fc86555907d0d3f,0,0,2024-10-23T12:00:00Z,W1hZkqBeWCUTVBX6rx9OeHmaWx63
672177305fc86555907d0d50,0,0,2024-10-23T13:00:00Z,W1hZkqBeWCUTVBX6rx9OeHmaWx63
672177305fc86555907d0d61,0,0,2024-10-23T14:00:00Z,W1hZkqBeWCUTVBX6rx9OeHmaWx63
672177305fc86555907d0d72,0,0,2024-10-23T15:00:00Z,W1hZkqBeWCUTVBX6rx9OeHmaWx63
672177305fc86555907d0d83,0,0,2024-10-23T16:00:00Z,W1hZkqBeWCUTVBX6rx9OeHmaWx63
672177305fc86555907d0d94,0,0,2024-10-23T17:00:00Z,W1hZkqBeWCUTVBX6rx9OeHmaWx63
672177305fc86555907d0da5,0,0,2024-10-23T18:00:00Z,W1hZkqBeWCUTVBX6rx9OeHmaWx63
672177315fc86555907d0db6,0,0,2024-10-23T19:00:00Z,W1hZkqBeWCUTVBX6rx9OeHmaWx63
672177315fc86555907d0dc7,0,0,2024-10-23T20:00:00Z,W1hZkqBeWCUTVBX6rx9OeHmaWx63
672177315fc86555907d0dd8,0,0,2024-10-23T21:00:00Z,W1hZkqBeWCUTVBX6rx9OeHmaWx63
672177325fc86555907d0e17,0,0,2024-10-23T22:00:00Z,W1hZkqBeWCUTVBX6rx9OeHmaWx63
672177325fc86555907d0e28,0,0,2024-10-23T23:00:00Z,W1hZkqBeWCUTVBX6rx9OeHmaWx63
672177325fc86555907d0e39,0,0,2024-10-24T00:00:00Z,W1hZkqBeWCUTVBX6rx9OeHmaWx63
672177325fc86555907d0e4a,0,0,2024-10-24T01:00:00Z,W1hZkqBeWCUTVBX6rx9OeHmaWx63
672177325fc86555907d0e5b,0,0,2024-10-24T02:00:00Z,W1hZkqBeWCUTVBX6rx9OeHmaWx63
672177325fc86555907d0e6c,0,0,2024-10-24T03:00:00Z,W1hZkqBeWCUTVBX6rx9OeHmaWx63
672177325fc86555907d0e7d,0,0,2024-10-24T04:00:00Z,W1hZkqBeWCUTVBX6rx9OeHmaWx63
672177325fc86555907d0e8e,0,0,2024-10-24T05:00:00Z,W1hZkqBeWCUTVBX6rx9OeHmaWx63
672177325fc86555907d0e9f,0,0,2024-10-24T06:00:00Z,W1hZkqBeWCUTVBX6rx9OeHmaWx63
672177325fc86555907d0eb0,0,0,2024-10-24T07:00:00Z,W1hZkqBeWCUTVBX6rx9OeHmaWx63
672177335fc86555907d0ec1,0,0,2024-10-24T08:00:00Z,W1hZkqBeWCUTVBX6rx9OeHmaWx63
672177335fc86555907d0ed2,0,0,2024-10-24T09:00:00Z,W1hZkqBeWCUTVBX6rx9OeHmaWx63
672177335fc86555907d0ef8,0,0,2024-10-24T10:00:00Z,W1hZkqBeWCUTVBX6rx9OeHmaWx63
672177335fc86555907d0f3d,0,0,2024-10-24T11:00:00Z,W1hZkqBeWCUTVBX6rx9OeHmaWx63
672177335fc86555907d0f4e,0,0,2024-10-24T12:00:00Z,W1hZkqBeWCUTVBX6rx9OeHmaWx63
672177335fc86555907d0f5f,0,0,2024-10-24T13:00:00Z,W1hZkqBeWCUTVBX6rx9OeHmaWx63
672177335fc86555907d0f70,0,0,2024-10-24T14:00:00Z,W1hZkqBeWCUTVBX6rx9OeHmaWx63
672177335fc86555907d0f81,0,0,2024-10-24T15:00:00Z,W1hZkqBeWCUTVBX6rx9OeHmaWx63
672177335fc86555907d0f92,0,0,2024-10-24T16:00:00Z,W1hZkqBeWCUTVBX6rx9OeHmaWx63
672177335fc86555907d0fa3,0,0,2024-10-24T17:00:00Z,W1hZkqBeWCUTVBX6rx9OeHmaWx63
672177335fc86555907d0fb4,0,0,2024-10-24T18:00:00Z,W1hZkqBeWCUTVBX6rx9OeHmaWx63
672177345fc86555907d0fc5,0,0,2024-10-24T19:00:00Z,W1hZkqBeWCUTVBX6rx9OeHmaWx63
672177345fc86555907d0fd6,0,0,2024-10-24T20:00:00Z,W1hZkqBeWCUTVBX6rx9OeHmaWx63
672177345fc86555907d0ff8,0,0,2024-10-24T21:00:00Z,W1hZkqBeWCUTVBX6rx9OeHmaWx63
672177345fc86555907d1009,0,0,2024-10-24T22:00:00Z,W1hZkqBeWCUTVBX6rx9OeHmaWx63
672177345fc86555907d101a,0,0,2024-10-24T23:00:00Z,W1hZkqBeWCUTVBX6rx9OeHmaWx63
672177345fc86555907d102b,0,0,2024-10-25T00:00:00Z,W1hZkqBeWCUTVBX6rx9OeHmaWx63
672177345fc86555907d103c,0,0,2024-10-25T01:00:00Z,W1hZkqBeWCUTVBX6rx9OeHmaWx63
672177345fc86555907d104d,0,0,2024-10-25T02:00:00Z,W1hZkqBeWCUTVBX6rx9OeHmaWx63
672177345fc86555907d105e,0,0,2024-10-25T03:00:00Z,W1hZkqBeWCUTVBX6rx9OeHmaWx63
672177345fc86555907d1076,0,0,2024-10-25T04:00:00Z,W1hZkqBeWCUTVBX6rx9OeHmaWx63
672177345fc86555907d1088,0,0,2024-10-25T05:00:00Z,W1hZkqBeWCUTVBX6rx9OeHmaWx63
672177345fc86555907d109b,0,0,2024-10-25T06:00:00Z,W1hZkqBeWCUTVBX6rx9OeHmaWx63
672177345fc86555907d10ad,0,0,2024-10-25T07:00:00Z,W1hZkqBeWCUTVBX6rx9OeHmaWx63
672177345fc86555907d10c0,0,0,2024-10-25T08:00:00Z,W1hZkqBeWCUTVBX6rx9OeHmaWx63
672177355fc86555907d10d2,0,0,2024-10-25T09:00:00Z,W1hZkqBeWCUTVBX6rx9OeHmaWx63
672177355fc86555907d10e3,0,0,2024-10-25T10:00:00Z,W1hZkqBeWCUTVBX6rx9OeHmaWx63
672177355fc86555907d10f4,0,0,2024-10-25T11:00:00Z,W1hZkqBeWCUTVBX6rx9OeHmaWx63
672177355fc86555907d1105,0,0,2024-10-25T12:00:00Z,W1hZkqBeWCUTVBX6rx9OeHmaWx63
672177355fc86555907d1116,0,0,2024-10-25T13:00:00Z,W1hZkqBeWCUTVBX6rx9OeHmaWx63
672177355fc86555907d1127,0,0,2024-10-25T14:00:00Z,W1hZkqBeWCUTVBX6rx9OeHmaWx63
672177355fc86555907d1138,0,0,2024-10-25T15:00:00Z,W1hZkqBeWCUTVBX6rx9OeHmaWx63
672177355fc86555907d1149,0,0,2024-10-25T16:00:00Z,W1hZkqBeWCUTVBX6rx9OeHmaWx63
672177355fc86555907d115a,0,0,2024-10-25T17:00:00Z,W1hZkqBeWCUTVBX6rx9OeHmaWx63
672177355fc86555907d117c,0,0,2024-10-25T18:00:00Z,W1hZkqBeWCUTVBX6rx9OeHmaWx63
672177355fc86555907d118d,0,0,2024-10-25T19:00:00Z,W1hZkqBeWCUTVBX6rx9OeHmaWx63
672177365fc86555907d119e,0,0,2024-10-25T20:00:00Z,W1hZkqBeWCUTVBX6rx9OeHmaWx63
672177365fc86555907d11af,0,0,2024-10-25T21:00:00Z,W1hZkqBeWCUTVBX6rx9OeHmaWx63
672177365fc86555907d11c0,0,0,2024-10-25T22:00:00Z,W1hZkqBeWCUTVBX6rx9OeHmaWx63
672177365fc86555907d11f1,0,0,2024-10-25T23:00:00Z,W1hZkqBeWCUTVBX6rx9OeHmaWx63
672177365fc86555907d1202,0,0,2024-10-26T00:00:00Z,W1hZkqBeWCUTVBX6rx9OeHmaWx63
672177365fc86555907d1213,0,0,2024-10-26T01:00:00Z,W1hZkqBeWCUTVBX6rx9OeHmaWx63
672177375fc86555907d1224,0,0,2024-10-26T02:00:00Z,W1hZkqBeWCUTVBX6rx9OeHmaWx63
672177375fc86555907d1235,0,0,2024-10-26T03:00:00Z,W1hZkqBeWCUTVBX6rx9OeHmaWx63
672177375fc86555907d1246,0,0,2024-10-26T04:00:00Z,W1hZkqBeWCUTVBX6rx9OeHmaWx63
672177375fc86555907d1257,0,0,2024-10-26T05:00:00Z,W1hZkqBeWCUTVBX6rx9OeHmaWx63
672177375fc86555907d1268,0,0,2024-10-26T06:00:00Z,W1hZkqBeWCUTVBX6rx9OeHmaWx63
672177375fc86555907d1279,0,0,2024-10-26T07:00:00Z,W1hZkqBeWCUTVBX6rx9OeHmaWx63
672177375fc86555907d128a,0,0,2024-10-26T08:00:00Z,W1hZkqBeWCUTVBX6rx9OeHmaWx63
672177375fc86555907d129b,0,0,2024-10-26T09:00:00Z,W1hZkqBeWCUTVBX6rx9OeHmaWx63
672177375fc86555907d12ac,0,0,2024-10-26T10:00:00Z,W1hZkqBeWCUTVBX6rx9OeHmaWx63
672177375fc86555907d12bd,0,0,2024-10-26T11:00:00Z,W1hZkqBeWCUTVBX6rx9OeHmaWx63
672177375fc86555907d12ce,0,0,2024-10-26T12:00:00Z,W1hZkqBeWCUTVBX6rx9OeHmaWx63
672177375fc86555907d12df,0,0,2024-10-26T13:00:00Z,W1hZkqBeWCUTVBX6rx9OeHmaWx63
672177375fc86555907d12f0,0,0,2024-10-26T14:00:00Z,W1hZkqBeWCUTVBX6rx9OeHmaWx63
672177375fc86555907d1301,0,0,2024-10-26T15:00:00Z,W1hZkqBeWCUTVBX6rx9OeHmaWx63
672177375fc86555907d1312,0,0,2024-10-26T16:00:00Z,W1hZkqBeWCUTVBX6rx9OeHmaWx63
672177385fc86555907d1323,0,0,2024-10-26T17:00:00Z,W1hZkqBeWCUTVBX6rx9OeHmaWx63
672177385fc86555907d1334,0,0,2024-10-26T18:00:00Z,W1hZkqBeWCUTVBX6rx9OeHmaWx63
672177385fc86555907d1345,0,0,2024-10-26T19:00:00Z,W1hZkqBeWCUTVBX6rx9OeHmaWx63
672177385fc86555907d1356,0,0,2024-10-26T20:00:00Z,W1hZkqBeWCUTVBX6rx9OeHmaWx63
672177385fc86555907d1367,0,0,2024-10-26T21:00:00Z,W1hZkqBeWCUTVBX6rx9OeHmaWx63
672177385fc86555907d1378,0,0,2024-10-26T22:00:00Z,W1hZkqBeWCUTVBX6rx9OeHmaWx63
672177385fc86555907d1389,0,0,2024-10-26T23:00:00Z,W1hZkqBeWCUTVBX6rx9OeHmaWx63
672177385fc86555907d139a,0,0,2024-10-27T00:00:00Z,W1hZkqBeWCUTVBX6rx9OeHmaWx63
672177385fc86555907d13ab,0,0,2024-10-27T01:00:00Z,W1hZkqBeWCUTVBX6rx9OeHmaWx63
672177385fc86555907d13bc,0,0,2024-10-27T02:00:00Z,W1hZkqBeWCUTVBX6rx9OeHmaWx63
672177385fc86555907d13cd,0,0,2024-10-27T03:00:00Z,W1hZkqBeWCUTVBX6rx9OeHmaWx63
672177385fc86555907d13de,0,0,2024-10-27T04:00:00Z,W1hZkqBeWCUTVBX6rx9OeHmaWx63
672177385fc86555907d13ef,0,0,2024-10-27T05:00:00Z,W1hZkqBeWCUTVBX6rx9OeHmaWx63
672177385fc86555907d1400,0,0,2024-10-27T06:00:00Z,W1hZkqBeWCUTVBX6rx9OeHmaWx63
672177385fc86555907d1413,0,0,2024-10-27T07:00:00Z,W1hZkqBeWCUTVBX6rx9OeHmaWx63
672177385fc86555907d1424,0,0,2024-10-27T08:00:00Z,W1hZkqBeWCUTVBX6rx9OeHmaWx63
672177385fc86555907d1435,0,0,2024-10-27T09:00:00Z,W1hZkqBeWCUTVBX6rx9OeHmaWx63
672177395fc86555907d1446,0,0,2024-10-27T10:00:00Z,W1hZkqBeWCUTVBX6rx9OeHmaWx63
672177395fc86555907d1457,0,0,2024-10-27T11:00:00Z,W1hZkqBeWCUTVBX6rx9OeHmaWx63
672177395fc86555907d1468,0,0,2024-10-27T12:00:00Z,W1hZkqBeWCUTVBX6rx9OeHmaWx63
672177395fc86555907d1479,0,0,2024-10-27T13:00:00Z,W1hZkqBeWCUTVBX6rx9OeHmaWx63
672177395fc86555907d148a,0,0,2024-10-27T14:00:00Z,W1hZkqBeWCUTVBX6rx9OeHmaWx63
672177395fc86555907d149b,0,0,2024-10-27T15:00:00Z,W1hZkqBeWCUTVBX6rx9OeHmaWx63
672177395fc86555907d14ac,0,0,2024-10-27T16:00:00Z,W1hZkqBeWCUTVBX6rx9OeHmaWx63
672177395fc86555907d14bd,0,0,2024-10-27T17:00:00Z,W1hZkqBeWCUTVBX6rx9OeHmaWx63
672177395fc86555907d14ce,0,0,2024-10-27T18:00:00Z,W1hZkqBeWCUTVBX6rx9OeHmaWx63
672177395fc86555907d14df,0,0,2024-10-27T19:00:00Z,W1hZkqBeWCUTVBX6rx9OeHmaWx63
672177395fc86555907d14f0,0,0,2024-10-27T20:00:00Z,W1hZkqBeWCUTVBX6rx9OeHmaWx63
672177395fc86555907d1501,0,0,2024-10-27T21:00:00Z,W1hZkqBeWCUTVBX6rx9OeHmaWx63
672177395fc86555907d1512,0,0,2024-10-27T22:00:00Z,W1hZkqBeWCUTVBX6rx9OeHmaWx63
672177395fc86555907d1523,0,0,2024-10-27T23:00:00Z,W1hZkqBeWCUTVBX6rx9OeHmaWx63
672177395fc86555907d1534,0,0,2024-10-28T00:00:00Z,W1hZkqBeWCUTVBX6rx9OeHmaWx63
672177395fc86555907d1545,0,0,2024-10-28T01:00:00Z,W1hZkqBeWCUTVBX6rx9OeHmaWx63
672177395fc86555907d1556,0,0,2024-10-28T02:00:00Z,W1hZkqBeWCUTVBX6rx9OeHmaWx63
6721773a5fc86555907d1567,0,0,2024-10-28T03:00:00Z,W1hZkqBeWCUTVBX6rx9OeHmaWx63
6721773a5fc86555907d1578,0,0,2024-10-28T04:00:00Z,W1hZkqBeWCUTVBX6rx9OeHmaWx63
6721773a5fc86555907d1589,0,0,2024-10-28T05:00:00Z,W1hZkqBeWCUTVBX6rx9OeHmaWx63
6721773a5fc86555907d159a,0,0,2024-10-28T06:00:00Z,W1hZkqBeWCUTVBX6rx9OeHmaWx63
6721773a5fc86555907d15ab,0,0,2024-10-28T07:00:00Z,W1hZkqBeWCUTVBX6rx9OeHmaWx63
6721773a5fc86555907d15bc,0,0,2024-10-28T08:00:00Z,W1hZkqBeWCUTVBX6rx9OeHmaWx63
6721773a5fc86555907d15cd,0,0,2024-10-28T09:00:00Z,W1hZkqBeWCUTVBX6rx9OeHmaWx63
6721773a5fc86555907d15de,0,0,2024-10-28T10:00:00Z,W1hZkqBeWCUTVBX6rx9OeHmaWx63
6721773a5fc86555907d15ef,0,0,2024-10-28T11:00:00Z,W1hZkqBeWCUTVBX6rx9OeHmaWx63
6721773a5fc86555907d1600,0,0,2024-10-28T12:00:00Z,W1hZkqBeWCUTVBX6rx9OeHmaWx63
6721773a5fc86555907d1611,0,0,2024-10-28T13:00:00Z,W1hZkqBeWCUTVBX6rx9OeHmaWx63
6721773b5fc86555907d1622,0,0,2024-10-28T14:00:00Z,W1hZkqBeWCUTVBX6rx9OeHmaWx63
6721773b5fc86555907d1633,0,0,2024-10-28T15:00:00Z,W1hZkqBeWCUTVBX6rx9OeHmaWx63
6721773b5fc86555907d1644,0,0,2024-10-28T16:00:00Z,W1hZkqBeWCUTVBX6rx9OeHmaWx63
6721773b5fc86555907d1655,0,0,2024-10-28T17:00:00Z,W1hZkqBeWCUTVBX6rx9OeHmaWx63
6721773b5fc86555907d1666,0,0,2024-10-28T18:00:00Z,W1hZkqBeWCUTVBX6rx9OeHmaWx63
6721773b5fc86555907d1677,0,0,2024-10-28T19:00:00Z,W1hZkqBeWCUTVBX6rx9OeHmaWx63
6721773c5fc86555907d1688,0,0,2024-10-28T20:00:00Z,W1hZkqBeWCUTVBX6rx9OeHmaWx63
6721773c5fc86555907d1699,0,0,2024-10-28T21:00:00Z,W1hZkqBeWCUTVBX6rx9OeHmaWx63
6721773c5fc86555907d16aa,0,0,2024-10-28T22:00:00Z,W1hZkqBeWCUTVBX6rx9OeHmaWx63
6721773c5fc86555907d16bb,0,0,2024-10-28T23:00:00Z,W1hZkqBeWCUTVBX6rx9OeHmaWx63
6721773c5fc86555907d16cc,0,0,2024-10-29T00:00:00Z,W1hZkqBeWCUTVBX6rx9OeHmaWx63
6721773c5fc86555907d16dd,0,0,2024-10-29T01:00:00Z,W1hZkqBeWCUTVBX6rx9OeHmaWx63
6721773c5fc86555907d16ee,0,0,2024-10-29T02:00:00Z,W1hZkqBeWCUTVBX6rx9OeHmaWx63
6721773c5fc86555907d16ff,0,0,2024-10-29T03:00:00Z,W1hZkqBeWCUTVBX6rx9OeHmaWx63
6721773c5fc86555907d1710,0,0,2024-10-29T04:00:00Z,W1hZkqBeWCUTVBX6rx9OeHmaWx63
6721773c5fc86555907d1721,0,0,2024-10-29T05:00:00Z,W1hZkqBeWCUTVBX6rx9OeHmaWx63
6721773c5fc86555907d1732,0,0,2024-10-29T06:00:00Z,W1hZkqBeWCUTVBX6rx9OeHmaWx63
6721773c5fc86555907d1743,0,0,2024-10-29T07:00:00Z,W1hZkqBeWCUTVBX6rx9OeHmaWx63
6721773d5fc86555907d1754,0,0,2024-10-29T08:00:00Z,W1hZkqBeWCUTVBX6rx9OeHmaWx63
6721773d5fc86555907d1765,0,0,2024-10-29T09:00:00Z,W1hZkqBeWCUTVBX6rx9OeHmaWx63
6721773d5fc86555907d1776,0,0,2024-10-29T10:00:00Z,W1hZkqBeWCUTVBX6rx9OeHmaWx63
6721773d5fc86555907d1789,0,0,2024-10-29T11:00:00Z,W1hZkqBeWCUTVBX6rx9OeHmaWx63
6721773d5fc86555907d17af,0,0,2024-10-29T12:00:00Z,W1hZkqBeWCUTVBX6rx9OeHmaWx63
6721773d5fc86555907d17c0,0,0,2024-10-29T13:00:00Z,W1hZkqBeWCUTVBX6rx9OeHmaWx63
6721773d5fc86555907d17d1,0,0,2024-10-29T14:00:00Z,W1hZkqBeWCUTVBX6rx9OeHmaWx63
6721773d5fc86555907d17e2,0,0,2024-10-29T15:00:00Z,W1hZkqBeWCUTVBX6rx9OeHmaWx63
6721773d5fc86555907d17f3,0,0,2024-10-29T16:00:00Z,W1hZkqBeWCUTVBX6rx9OeHmaWx63
6721773d5fc86555907d1804,0,0,2024-10-29T17:00:00Z,W1hZkqBeWCUTVBX6rx9OeHmaWx63
6721773d5fc86555907d1815,0,0,2024-10-29T18:00:00Z,W1hZkqBeWCUTVBX6rx9OeHmaWx63
6721773d5fc86555907d1826,0,0,2024-10-29T19:00:00Z,W1hZkqBeWCUTVBX6rx9OeHmaWx63
6721773e5fc86555907d1837,0,0,2024-10-29T20:00:00Z,W1hZkqBeWCUTVBX6rx9OeHmaWx63
6721773e5fc86555907d1848,0,0,2024-10-29T21:00:00Z,W1hZkqBeWCUTVBX6rx9OeHmaWx63
6721773e5fc86555907d1859,0,0,2024-10-29T22:00:00Z,W1hZkqBeWCUTVBX6rx9OeHmaWx63
6721773e5fc86555907d186a,0,3361,2024-10-29T23:00:00Z,W1hZkqBeWCUTVBX6rx9OeHmaWx63
672185c45fc86555907d9dc2,0,0,2024-10-30T00:00:00Z,W1hZkqBeWCUTVBX6rx9OeHmaWx63
6721940e5fc86555907dfab6,0,0,2024-10-30T01:00:00Z,W1hZkqBeWCUTVBX6rx9OeHmaWx63
